id,year,question,title,source_filename,source_pdf,markdown_file,file_size,sha256,conversion_status,conversion_tool,notes,original_path
A22100070190,2022,A,,A22100070190.pdf,papers/2022/A/A22100070190.pdf,knowledge_base/2022/A/A22100070190.md,2271011,7ee8303a43bd802a178daa540554f03c4169b693ac371e7f2eba64bac01042ea,success,Microsoft MarkItDown 0.1.7,,2022年研究生数学建模优秀论文选/A22100070190.pdf
A22100130054,2022,A,,A22100130054.pdf,papers/2022/A/A22100130054.pdf,knowledge_base/2022/A/A22100130054.md,1458046,4b5ed27254931d2b43be0f533ad37d4895f73f0104a08ce9981c2e7a166ce8ad,success,Microsoft MarkItDown 0.1.7,,2022年研究生数学建模优秀论文选/A22100130054.pdf
A22102460007,2022,A,,A22102460007.pdf,papers/2022/A/A22102460007.pdf,knowledge_base/2022/A/A22102460007.md,5244338,42f2ea4ef1edf9b15be942d0b0dded538286f060abceb998612660d082e78882,success,Microsoft MarkItDown 0.1.7,,2022年研究生数学建模优秀论文选/A22102460007.pdf
A22103040090,2022,A,,A22103040090.pdf,papers/2022/A/A22103040090.pdf,knowledge_base/2022/A/A22103040090.md,10392119,6b58b5bed888ba0117efc2ab35d4b79cb8a7f6f82270bf908ba4b8f2e60ccf53,success,Microsoft MarkItDown 0.1.7,,2022年研究生数学建模优秀论文选/A22103040090.pdf
A22104860055,2022,A,,A22104860055.pdf,papers/2022/A/A22104860055.pdf,knowledge_base/2022/A/A22104860055.md,2550503,193333ef5b3599687995c7c1bebbde23e09298ec3b8f5c981b7e760f352bfe0a,success,Microsoft MarkItDown 0.1.7,,2022年研究生数学建模优秀论文选/A22104860055.pdf
A22107010047,2022,A,,A22107010047.pdf,papers/2022/A/A22107010047.pdf,knowledge_base/2022/A/A22107010047.md,3171608,70e064a803fa9bf8bbb70dc789c794f21c4d33405a65cdabefe8a2e0fb6f7114,success,Microsoft MarkItDown 0.1.7,,2022年研究生数学建模优秀论文选/A22107010047.pdf
A22116460175,2022,A,,A22116460175.pdf,papers/2022/A/A22116460175.pdf,knowledge_base/2022/A/A22116460175.md,1181456,4704bf03e2b2dd6ff5afc593c9940564d075b64079b92468f779b877f71be783,success,Microsoft MarkItDown 0.1.7,,2022年研究生数学建模优秀论文选/A22116460175.pdf
B22100070171,2022,B,,B22100070171.pdf,papers/2022/B/B22100070171.pdf,knowledge_base/2022/B/B22100070171.md,6873926,6f83d846eedd7e8ab145fe3b7ce5657e112f525e87584c5dba20a9086c09a555,success,Microsoft MarkItDown 0.1.7,,2022年研究生数学建模优秀论文选/B22100070171.pdf
B22102860210,2022,B,,B22102860210.pdf,papers/2022/B/B22102860210.pdf,knowledge_base/2022/B/B22102860210.md,16502595,d6169464f185c06f376bcd4697c8c3e67ea305e744970090b74ba1f2cc4e7025,success,Microsoft MarkItDown 0.1.7,,2022年研究生数学建模优秀论文选/B22102860210.pdf
B22103360018,2022,B,,B22103360018.pdf,papers/2022/B/B22103360018.pdf,knowledge_base/2022/B/B22103360018.md,2584063,c5c2f5c81d406896ae932a32b4211f7e0ca7bb4e44b78d92a77b5f23ba3a87a4,success,Microsoft MarkItDown 0.1.7,,2022年研究生数学建模优秀论文选/B22103360018.pdf
B22104870143,2022,B,,B22104870143.pdf,papers/2022/B/B22104870143.pdf,knowledge_base/2022/B/B22104870143.md,3181360,ba7977544ad1f65990e011e45c59ff2de0310e82dc4ae196b444af57e1a07f93,success,Microsoft MarkItDown 0.1.7,,2022年研究生数学建模优秀论文选/B22104870143.pdf
B22105300030,2022,B,,B22105300030.pdf,papers/2022/B/B22105300030.pdf,knowledge_base/2022/B/B22105300030.md,3789713,2e4a14ce1ad1721e3bc0d2d4ee1047dc7ecc5badffbe303ba8b72ad7f71aef59,success,Microsoft MarkItDown 0.1.7,,2022年研究生数学建模优秀论文选/B22105300030.pdf
B22106140009,2022,B,,B22106140009.pdf,papers/2022/B/B22106140009.pdf,knowledge_base/2022/B/B22106140009.md,1759750,bb9c1003ae99d7383225024ecc095ef207e11805b2fa7ec488709921b6f86897,success,Microsoft MarkItDown 0.1.7,,2022年研究生数学建模优秀论文选/B22106140009.pdf
B22110490001,2022,B,,B22110490001.pdf,papers/2022/B/B22110490001.pdf,knowledge_base/2022/B/B22110490001.md,1561781,0e7b28a3f5bc86ecf76b8073e44e048e8f595479cd610f25497dd574bc6013b8,success,Microsoft MarkItDown 0.1.7,,2022年研究生数学建模优秀论文选/B22110490001.pdf
C22103190082,2022,C,,C22103190082.pdf,papers/2022/C/C22103190082.pdf,knowledge_base/2022/C/C22103190082.md,2370799,a8df9e907b826b01a2c5dc7c1176b6e58dc0e92c70db183e8e56d2ba37719d5c,success,Microsoft MarkItDown 0.1.7,,2022年研究生数学建模优秀论文选/C22103190082.pdf
C22103360057,2022,C,,C22103360057.pdf,papers/2022/C/C22103360057.pdf,knowledge_base/2022/C/C22103360057.md,2146131,5837d7d5283d8cca31b171d3b97144e8b9945f3b059acd7bd0fd5d69421aeca7,success,Microsoft MarkItDown 0.1.7,,2022年研究生数学建模优秀论文选/C22103360057.pdf
C22103560098,2022,C,,C22103560098.pdf,papers/2022/C/C22103560098.pdf,knowledge_base/2022/C/C22103560098.md,1094236,560712b8aa46dc0b22c62a9de6f6961527e31d403ab921fc37f19db582bfa53b,success,Microsoft MarkItDown 0.1.7,,2022年研究生数学建模优秀论文选/C22103560098.pdf
C22105330245,2022,C,,C22105330245.pdf,papers/2022/C/C22105330245.pdf,knowledge_base/2022/C/C22105330245.md,2581721,c109ebf5fa9c8ebe5bf0a4c5afffb1d1a1b469a57f1c99b70cd2ee7809252f76,success,Microsoft MarkItDown 0.1.7,,2022年研究生数学建模优秀论文选/C22105330245.pdf
C22105930028,2022,C,,C22105930028.pdf,papers/2022/C/C22105930028.pdf,knowledge_base/2022/C/C22105930028.md,978801,8b44b3955a1d70bd8da21b5a5e0eec8cc4cd2e28295133b8d93262c8d0c6acde,success,Microsoft MarkItDown 0.1.7,,2022年研究生数学建模优秀论文选/C22105930028.pdf
C22106130232,2022,C,,C22106130232.pdf,papers/2022/C/C22106130232.pdf,knowledge_base/2022/C/C22106130232.md,1916405,050ba3aea273df80fbb7e1fec30cf98a9e05483115c3588cad5bb2129c33f6ae,success,Microsoft MarkItDown 0.1.7,,2022年研究生数学建模优秀论文选/C22106130232.pdf
C22106140003,2022,C,,C22106140003.pdf,papers/2022/C/C22106140003.pdf,knowledge_base/2022/C/C22106140003.md,1519988,5fa92336a1b190ea466679f9d286761aa8b3f9e69d6894e9bb2849890b6d76c3,success,Microsoft MarkItDown 0.1.7,,2022年研究生数学建模优秀论文选/C22106140003.pdf
D22102920026,2022,D,,D22102920026.pdf,papers/2022/D/D22102920026.pdf,knowledge_base/2022/D/D22102920026.md,1472009,e1e8632f2e10f0aeceeb759a2ad185f2e9e3cd0da49979a2d7f3c0e63e757dba,success,Microsoft MarkItDown 0.1.7,,2022年研究生数学建模优秀论文选/D22102920026.pdf
D22102930009,2022,D,,D22102930009.pdf,papers/2022/D/D22102930009.pdf,knowledge_base/2022/D/D22102930009.md,2148989,7dcd04bc43998ae2809ebf5ee4aee6cf46787ad43da050c3175321ad09ddd4ce,success,Microsoft MarkItDown 0.1.7,,2022年研究生数学建模优秀论文选/D22102930009.pdf
D22103360092,2022,D,,D22103360092.pdf,papers/2022/D/D22103360092.pdf,knowledge_base/2022/D/D22103360092.md,1601579,8d7c36f66d10ffe596558a9485b3f3e21d11e547f7d64862871366aea55f646a,success,Microsoft MarkItDown 0.1.7,,2022年研究生数学建模优秀论文选/D22103360092.pdf
D22104760020,2022,D,,D22104760020.pdf,papers/2022/D/D22104760020.pdf,knowledge_base/2022/D/D22104760020.md,2168810,e69dbf4920acd3a5acf085c3bec666c912ca80de3354034428139fd601c022fd,success,Microsoft MarkItDown 0.1.7,,2022年研究生数学建模优秀论文选/D22104760020.pdf
D22106990096,2022,D,,D22106990096.pdf,papers/2022/D/D22106990096.pdf,knowledge_base/2022/D/D22106990096.md,2667361,df2e78d06070723a3db87044bd797c75554e2575b19622acc6a97be312b15d2c,success,Microsoft MarkItDown 0.1.7,,2022年研究生数学建模优秀论文选/D22106990096.pdf
D22900310001,2022,D,,D22900310001.pdf,papers/2022/D/D22900310001.pdf,knowledge_base/2022/D/D22900310001.md,4155466,d2dcf699065312cdc2800192b2c04113327f1edde340aaf91e16e566929cfb26,success,Microsoft MarkItDown 0.1.7,,2022年研究生数学建模优秀论文选/D22900310001.pdf
D22910040028,2022,D,,D22910040028.pdf,papers/2022/D/D22910040028.pdf,knowledge_base/2022/D/D22910040028.md,1123171,7751354cf5ca70ae0677af0acb616e981ffbc832b6796fc5cac2ac1834363dee,success,Microsoft MarkItDown 0.1.7,,2022年研究生数学建模优秀论文选/D22910040028.pdf
E22100160013,2022,E,,E22100160013.pdf,papers/2022/E/E22100160013.pdf,knowledge_base/2022/E/E22100160013.md,2206321,ea0ba69ea7db84dfa92d7aebab66a4d76aafb61ea2aa1734116cab5d2a2114eb,success,Microsoft MarkItDown 0.1.7,,2022年研究生数学建模优秀论文选/E22100160013.pdf
E22103040108,2022,E,,E22103040108.pdf,papers/2022/E/E22103040108.pdf,knowledge_base/2022/E/E22103040108.md,5354013,84521bb3d18a2466df197a4907611024a14a59ca642c2beced3af45dd476145f,success,Microsoft MarkItDown 0.1.7,,2022年研究生数学建模优秀论文选/E22103040108.pdf
E22103350038,2022,E,,E22103350038.pdf,papers/2022/E/E22103350038.pdf,knowledge_base/2022/E/E22103350038.md,11935564,5c26affd748a07994f8922be235412906b5b338fddbd12576f5f76801aa0422d,success,Microsoft MarkItDown 0.1.7,,2022年研究生数学建模优秀论文选/E22103350038.pdf
E22104860014,2022,E,,E22104860014.pdf,papers/2022/E/E22104860014.pdf,knowledge_base/2022/E/E22104860014.md,10165824,3fe8db58775d13e7ec3c911330eaf4abf04613be289b70152ab698ad875f097c,success,Microsoft MarkItDown 0.1.7,,2022年研究生数学建模优秀论文选/E22104860014.pdf
E22104870114,2022,E,,E22104870114.pdf,papers/2022/E/E22104870114.pdf,knowledge_base/2022/E/E22104870114.md,2979204,4047c1a98e1a00243d7da769bc2559652c66ac885781b16ec35ec3ab33c9ab8d,success,Microsoft MarkItDown 0.1.7,,2022年研究生数学建模优秀论文选/E22104870114.pdf
E22106110005,2022,E,,E22106110005.pdf,papers/2022/E/E22106110005.pdf,knowledge_base/2022/E/E22106110005.md,2701398,c5d89a8d89358c8ce04f55b74943d994d6b5b606e562b5e55e8e69e5a3e765e7,success,Microsoft MarkItDown 0.1.7,,2022年研究生数学建模优秀论文选/E22106110005.pdf
E22107100039,2022,E,,E22107100039.pdf,papers/2022/E/E22107100039.pdf,knowledge_base/2022/E/E22107100039.md,3863049,6e3f56650ebc09a007fbd3917b0f82ddae5251842d511ac28a181aa1e4120ff6,success,Microsoft MarkItDown 0.1.7,,2022年研究生数学建模优秀论文选/E22107100039.pdf
F22100090053,2022,F,,F22100090053.pdf,papers/2022/F/F22100090053.pdf,knowledge_base/2022/F/F22100090053.md,6139193,c96e8a64f25b48b85df71ae9335226056eca2d71214d47cad0ad52bad91a527b,success,Microsoft MarkItDown 0.1.7,,2022年研究生数学建模优秀论文选/F22100090053.pdf
F22101470006,2022,F,,F22101470006.pdf,papers/2022/F/F22101470006.pdf,knowledge_base/2022/F/F22101470006.md,8596086,14817f01a096e957cb9f1130ad1339c90b5faf2ae59d45abb2c134b54240d1d3,success,Microsoft MarkItDown 0.1.7,,2022年研究生数学建模优秀论文选/F22101470006.pdf
F22102540295,2022,F,,F22102540295.pdf,papers/2022/F/F22102540295.pdf,knowledge_base/2022/F/F22102540295.md,7138446,b9f044b3f565dc4bf3b08d534c961250b01ae690c89cfeaef0d8590dfa8b3a15,success,Microsoft MarkItDown 0.1.7,,2022年研究生数学建模优秀论文选/F22102540295.pdf
F22102980006,2022,F,,F22102980006.pdf,papers/2022/F/F22102980006.pdf,knowledge_base/2022/F/F22102980006.md,6217944,2b02838f289df47a222e52286eba3887d2d7fba9130a2895fac3e0331a6d1372,success,Microsoft MarkItDown 0.1.7,,2022年研究生数学建模优秀论文选/F22102980006.pdf
F22103570053,2022,F,,F22103570053.pdf,papers/2022/F/F22103570053.pdf,knowledge_base/2022/F/F22103570053.md,3750030,fb0babe524b9e71f1dab15b0e5f00eda87e2b45dc8be9d6d1600ea8e7730ebc9,success,Microsoft MarkItDown 0.1.7,,2022年研究生数学建模优秀论文选/F22103570053.pdf
F22105330345,2022,F,,F22105330345.pdf,papers/2022/F/F22105330345.pdf,knowledge_base/2022/F/F22105330345.md,6877046,4f407ad33c7a8ec76e2a8206cfc091ad48969ed3cb2e3d5e5bed6825f2e40efb,success,Microsoft MarkItDown 0.1.7,,2022年研究生数学建模优秀论文选/F22105330345.pdf
F22106150018,2022,F,,F22106150018.pdf,papers/2022/F/F22106150018.pdf,knowledge_base/2022/F/F22106150018.md,25762499,5bbfdd257360b6c75ac6afb719ebbfe4c94d348dd427676644932380d211ec60,success,Microsoft MarkItDown 0.1.7,,2022年研究生数学建模优秀论文选/F22106150018.pdf
A23100070049,2023,A,,A23100070049.pdf,papers/2023/A/A23100070049.pdf,knowledge_base/2023/A/A23100070049.md,2405135,d33556a20cd948a1a64b448a798d7bd5199ed33e64b8b42f9c9066718709cc1a,success,Microsoft MarkItDown 0.1.7,,2023年研究生数学建模竞赛优秀论文选/A23100070049.pdf
A23102470073,2023,A,,A23102470073.pdf,papers/2023/A/A23102470073.pdf,knowledge_base/2023/A/A23102470073.md,4136438,aa54a343324fc710c752ea7b69e867ea0aad0718984b8e6a64bfdcc18c6168cb,success,Microsoft MarkItDown 0.1.7,,2023年研究生数学建模竞赛优秀论文选/A23102470073.pdf
A23102480015,2023,A,,A23102480015.pdf,papers/2023/A/A23102480015.pdf,knowledge_base/2023/A/A23102480015.md,2426217,7db2e491ea02eb7c01688033655cabb5078c01df430d7b24d236ffcbc6c5376b,success,Microsoft MarkItDown 0.1.7,,2023年研究生数学建模竞赛优秀论文选/A23102480015.pdf
A23102860239,2023,A,,A23102860239.pdf,papers/2023/A/A23102860239.pdf,knowledge_base/2023/A/A23102860239.md,6039206,38d57aaa359c2dc862f4747d20e8078f40aabccab210f4bc358e70c97eb96802,success,Microsoft MarkItDown 0.1.7,,2023年研究生数学建模竞赛优秀论文选/A23102860239.pdf
A23102890028,2023,A,,A23102890028.pdf,papers/2023/A/A23102890028.pdf,knowledge_base/2023/A/A23102890028.md,1868103,1c7b883fad088a25a29c04754435150623e3b661bfbf8fa7e5f600a75a7d3e16,success,Microsoft MarkItDown 0.1.7,,2023年研究生数学建模竞赛优秀论文选/A23102890028.pdf
A23103360079,2023,A,,A23103360079.pdf,papers/2023/A/A23103360079.pdf,knowledge_base/2023/A/A23103360079.md,38067441,a59d579510dd4db685d173d2d7206f77ae0a606bffe06307792c022ebb9a1825,success,Microsoft MarkItDown 0.1.7,,2023年研究生数学建模竞赛优秀论文选/A23103360079.pdf
A23103840031,2023,A,,A23103840031.pdf,papers/2023/A/A23103840031.pdf,knowledge_base/2023/A/A23103840031.md,3751660,72276b20f6a2c1e39ccd4b127977bb2ceda2dbb8c55e201d85c45db5f63306ec,success,Microsoft MarkItDown 0.1.7,,2023年研究生数学建模竞赛优秀论文选/A23103840031.pdf
A23104220005,2023,A,,A23104220005.pdf,papers/2023/A/A23104220005.pdf,knowledge_base/2023/A/A23104220005.md,6099206,086b5ef5b2e520ad91c201f5febea0257ca28a245dc9cecb323787c043f8481d,success,Microsoft MarkItDown 0.1.7,,2023年研究生数学建模竞赛优秀论文选/A23104220005.pdf
A23104860166,2023,A,,A23104860166.pdf,papers/2023/A/A23104860166.pdf,knowledge_base/2023/A/A23104860166.md,3374506,a950543026bccb49372f015c9d0f37ba23cee9086c2c4cfd91d1df8981236094,success,Microsoft MarkItDown 0.1.7,,2023年研究生数学建模竞赛优秀论文选/A23104860166.pdf
A23105330383,2023,A,,A23105330383.pdf,papers/2023/A/A23105330383.pdf,knowledge_base/2023/A/A23105330383.md,2270732,42d4cb93c11a8aa4f65c0122c49743e7cc535075bc6292cfbac59912c532bcc3,success,Microsoft MarkItDown 0.1.7,,2023年研究生数学建模竞赛优秀论文选/A23105330383.pdf
B23100070010,2023,B,,B23100070010.pdf,papers/2023/B/B23100070010.pdf,knowledge_base/2023/B/B23100070010.md,9835840,dae1f5b0084b890f57cf5f32d50624813c50142e80facec528dec185b4caf873,success,Microsoft MarkItDown 0.1.7,,2023年研究生数学建模竞赛优秀论文选/B23100070010.pdf
B23100070173,2023,B,,B23100070173.pdf,papers/2023/B/B23100070173.pdf,knowledge_base/2023/B/B23100070173.md,1175715,49bb7b3ca5c8350b5183e4222dc2d46bf1682dfb0df499206fdc483ebb02717c,success,Microsoft MarkItDown 0.1.7,,2023年研究生数学建模竞赛优秀论文选/B23100070173.pdf
B23102870003,2023,B,,B23102870003.pdf,papers/2023/B/B23102870003.pdf,knowledge_base/2023/B/B23102870003.md,3783210,b7a22c7d8dc68982aa21eeba3cfc289fd0d6749796043f43e761c77726706c5d,success,Microsoft MarkItDown 0.1.7,,2023年研究生数学建模竞赛优秀论文选/B23102870003.pdf
B23102870182,2023,B,,B23102870182.pdf,papers/2023/B/B23102870182.pdf,knowledge_base/2023/B/B23102870182.md,1895408,46c8d34af2e32b77966cfe61b9c745aca5b326ccb0b3bb795c5bcd6574683df0,success,Microsoft MarkItDown 0.1.7,,2023年研究生数学建模竞赛优秀论文选/B23102870182.pdf
B23103360062,2023,B,,B23103360062.pdf,papers/2023/B/B23103360062.pdf,knowledge_base/2023/B/B23103360062.md,3288590,6cbfad8403821d8c38499e4f04419234a217fc711be8f9b68a9a669f5466e945,success,Microsoft MarkItDown 0.1.7,,2023年研究生数学建模竞赛优秀论文选/B23103360062.pdf
B23104860044,2023,B,,B23104860044.pdf,papers/2023/B/B23104860044.pdf,knowledge_base/2023/B/B23104860044.md,2048089,64cda80c093d013f314ee3d170ffc91275b7eef47b65648b3c0c697917a4b8cb,success,Microsoft MarkItDown 0.1.7,,2023年研究生数学建模竞赛优秀论文选/B23104860044.pdf
B23105580005,2023,B,,B23105580005.pdf,papers/2023/B/B23105580005.pdf,knowledge_base/2023/B/B23105580005.md,3295504,70e16c297762eaf54e3cdd02b6d9d957a5e7c94d680aef366f7e1eeb98f1c7b0,success,Microsoft MarkItDown 0.1.7,,2023年研究生数学建模竞赛优秀论文选/B23105580005.pdf
B23106140164,2023,B,,B23106140164.pdf,papers/2023/B/B23106140164.pdf,knowledge_base/2023/B/B23106140164.md,1584461,51de99418dca5259b04776c5f9fa6a2495a462ee7418d171f13434d722527a06,success,Microsoft MarkItDown 0.1.7,,2023年研究生数学建模竞赛优秀论文选/B23106140164.pdf
B23111170006,2023,B,,B23111170006.pdf,papers/2023/B/B23111170006.pdf,knowledge_base/2023/B/B23111170006.md,1740170,3777ef9199df5b2746cbf837d5c88aa5ee13c39a2e426f2b5f2d911178df9094,success,Microsoft MarkItDown 0.1.7,,2023年研究生数学建模竞赛优秀论文选/B23111170006.pdf
C23102540029,2023,C,,C23102540029.pdf,papers/2023/C/C23102540029.pdf,knowledge_base/2023/C/C23102540029.md,3617240,feb372a7fb5a8688de384182401fe0f642da7763f50f74e7ee0a1a22b7641230,success,Microsoft MarkItDown 0.1.7,,2023年研究生数学建模竞赛优秀论文选/C23102540029.pdf
C23102890004,2023,C,,C23102890004.pdf,papers/2023/C/C23102890004.pdf,knowledge_base/2023/C/C23102890004.md,2029504,673a7f1386a6bcf5b57cdfbea26340d48d6c007d8d59c665ce3db9c88dbbc930,success,Microsoft MarkItDown 0.1.7,,2023年研究生数学建模竞赛优秀论文选/C23102890004.pdf
C23102980125,2023,C,,C23102980125.pdf,papers/2023/C/C23102980125.pdf,knowledge_base/2023/C/C23102980125.md,3315112,efe4b18e0137bc26cff4923090298201e2c6167a69d18d7b5de59ecfa0450c96,success,Microsoft MarkItDown 0.1.7,,2023年研究生数学建模竞赛优秀论文选/C23102980125.pdf
C23103360083,2023,C,,C23103360083.pdf,papers/2023/C/C23103360083.pdf,knowledge_base/2023/C/C23103360083.md,2351666,bc314e5321d42149caeb75ebd83cf6eb87915aa9542274a4f85d2ede4244c6ce,success,Microsoft MarkItDown 0.1.7,,2023年研究生数学建模竞赛优秀论文选/C23103360083.pdf
C23103510013,2023,C,,C23103510013.pdf,papers/2023/C/C23103510013.pdf,knowledge_base/2023/C/C23103510013.md,4070071,b1676f55c0cc281147aa0f6a983a77b410a8c841e5fcb9710fb8e5b663ff1050,success,Microsoft MarkItDown 0.1.7,,2023年研究生数学建模竞赛优秀论文选/C23103510013.pdf
C23104080013,2023,C,,C23104080013.pdf,papers/2023/C/C23104080013.pdf,knowledge_base/2023/C/C23104080013.md,4230286,6fbdbaff47ee945d88648fe8142239ad53bb18d94114de1158745ca3ea0d45f4,success,Microsoft MarkItDown 0.1.7,,2023年研究生数学建模竞赛优秀论文选/C23104080013.pdf
C23106130016,2023,C,,C23106130016.pdf,papers/2023/C/C23106130016.pdf,knowledge_base/2023/C/C23106130016.md,4993713,49b9b98f4a84aa5278363ad6d8e8cab1c0b0781e35a13d629e76f3fbe7fe3731,success,Microsoft MarkItDown 0.1.7,,2023年研究生数学建模竞赛优秀论文选/C23106130016.pdf
C23106570312,2023,C,,C23106570312.pdf,papers/2023/C/C23106570312.pdf,knowledge_base/2023/C/C23106570312.md,12405401,cef9478761aa1f7206f009a47fa96ca490f0780792f68d9a6a25f3ca1a752a09,success,Microsoft MarkItDown 0.1.7,,2023年研究生数学建模竞赛优秀论文选/C23106570312.pdf
C23107120024,2023,C,,C23107120024.pdf,papers/2023/C/C23107120024.pdf,knowledge_base/2023/C/C23107120024.md,6950584,1907bb2e271a72c879baac5c28f26dab75737893cdaaa96423801cef7278c5d8,success,Microsoft MarkItDown 0.1.7,,2023年研究生数学建模竞赛优秀论文选/C23107120024.pdf
C23910020010,2023,C,,C23910020010.pdf,papers/2023/C/C23910020010.pdf,knowledge_base/2023/C/C23910020010.md,3194081,8a00ec073b286676f359adc89ffb4095134b96d56ac7571525d66505b875aed2,success,Microsoft MarkItDown 0.1.7,,2023年研究生数学建模竞赛优秀论文选/C23910020010.pdf
D23100060041,2023,D,,D23100060041.pdf,papers/2023/D/D23100060041.pdf,knowledge_base/2023/D/D23100060041.md,6202937,b4e6c7b24c303140b0913928cf352162a050f41c693ec31c014ac1e4cd278ccf,success,Microsoft MarkItDown 0.1.7,,2023年研究生数学建模竞赛优秀论文选/D23100060041.pdf
D23102690008,2023,D,,D23102690008.pdf,papers/2023/D/D23102690008.pdf,knowledge_base/2023/D/D23102690008.md,3984495,062fc33a37d6403de410f195362cb031bb301f82875d2b87d64703b6a09c01cc,success,Microsoft MarkItDown 0.1.7,,2023年研究生数学建模竞赛优秀论文选/D23102690008.pdf
D23102860126,2023,D,,D23102860126.pdf,papers/2023/D/D23102860126.pdf,knowledge_base/2023/D/D23102860126.md,5612899,b8a48b1b4ddbec753e50e75374809412193b7c1a8701a98651b32b911d72da7b,success,Microsoft MarkItDown 0.1.7,,2023年研究生数学建模竞赛优秀论文选/D23102860126.pdf
D23103560099,2023,D,,D23103560099.pdf,papers/2023/D/D23103560099.pdf,knowledge_base/2023/D/D23103560099.md,5640462,bf89ccf0a9929033797fb29d684cf4e300bf6bd72aa9f95a486c03cca77cff1b,success,Microsoft MarkItDown 0.1.7,,2023年研究生数学建模竞赛优秀论文选/D23103560099.pdf
D23104860011,2023,D,,D23104860011.pdf,papers/2023/D/D23104860011.pdf,knowledge_base/2023/D/D23104860011.md,5798021,23de320a89c922c15f41d98677829b80956a7954d60bd1b8542879b95e52ab41,success,Microsoft MarkItDown 0.1.7,,2023年研究生数学建模竞赛优秀论文选/D23104860011.pdf
D23105330094,2023,D,,D23105330094.pdf,papers/2023/D/D23105330094.pdf,knowledge_base/2023/D/D23105330094.md,7015611,5fbfff1d5b3ca312ac49979fbcbaae9b62ab8b1c056745bca9122e253058205f,success,Microsoft MarkItDown 0.1.7,,2023年研究生数学建模竞赛优秀论文选/D23105330094.pdf
D23106350004,2023,D,,D23106350004.pdf,papers/2023/D/D23106350004.pdf,knowledge_base/2023/D/D23106350004.md,4705960,76e7c8072e5dc92f09c0aeb044ab9f11f3ed2241589713de6dc45beac0548d70,success,Microsoft MarkItDown 0.1.7,,2023年研究生数学建模竞赛优秀论文选/D23106350004.pdf
D23106740070,2023,D,,D23106740070.pdf,papers/2023/D/D23106740070.pdf,knowledge_base/2023/D/D23106740070.md,6432302,1bee7e22964baec7bdaf623809174864400325e5f9ca5c0d55d9051a3b960e16,success,Microsoft MarkItDown 0.1.7,,2023年研究生数学建模竞赛优秀论文选/D23106740070.pdf
D23116460172,2023,D,,D23116460172.pdf,papers/2023/D/D23116460172.pdf,knowledge_base/2023/D/D23116460172.md,2443732,b3d9ea23d3495984e4a27eae3aa75a1515113cab448a07d520b4d408e19ec1e1,success,Microsoft MarkItDown 0.1.7,,2023年研究生数学建模竞赛优秀论文选/D23116460172.pdf
E23100650012,2023,E,,E23100650012.pdf,papers/2023/E/E23100650012.pdf,knowledge_base/2023/E/E23100650012.md,5767144,8d1abbc798cc27e01322cb36adfe87c716f9425ad3b07d97c822a0c756fc41f3,success,Microsoft MarkItDown 0.1.7,,2023年研究生数学建模竞赛优秀论文选/E23100650012.pdf
E23102550019,2023,E,,E23102550019.pdf,papers/2023/E/E23102550019.pdf,knowledge_base/2023/E/E23102550019.md,10360788,7111ae76a0a000ae0667979809bb38eef9ce74f9a05dfbdfaae39cb50889d563,success,Microsoft MarkItDown 0.1.7,,2023年研究生数学建模竞赛优秀论文选/E23102550019.pdf
E23103530067,2023,E,,E23103530067.pdf,papers/2023/E/E23103530067.pdf,knowledge_base/2023/E/E23103530067.md,7149082,832ce085bf76e77e99333a3d0d1e291ea4d434340c819d6286471a5cabb94311,success,Microsoft MarkItDown 0.1.7,,2023年研究生数学建模竞赛优秀论文选/E23103530067.pdf
E23103570015,2023,E,,E23103570015.pdf,papers/2023/E/E23103570015.pdf,knowledge_base/2023/E/E23103570015.md,8126344,99a2b9a48592421914ec0a8f81e08bd96c8d4c1dab887b19df9efef2c260e718,success,Microsoft MarkItDown 0.1.7,,2023年研究生数学建模竞赛优秀论文选/E23103570015.pdf
E23104030073,2023,E,,E23104030073.pdf,papers/2023/E/E23104030073.pdf,knowledge_base/2023/E/E23104030073.md,4828844,66de2190ed124bc167b6f408ffd5e8be3202754d32a11784bbc049ccc60f2cfe,success,Microsoft MarkItDown 0.1.7,,2023年研究生数学建模竞赛优秀论文选/E23104030073.pdf
E23105330424,2023,E,,E23105330424.pdf,papers/2023/E/E23105330424.pdf,knowledge_base/2023/E/E23105330424.md,4613624,f9cacb683377d24ebc45ff1d0ab853156fe6c787c0406d7275202b91e4f6505a,success,Microsoft MarkItDown 0.1.7,,2023年研究生数学建模竞赛优秀论文选/E23105330424.pdf
E23106730076,2023,E,,E23106730076.pdf,papers/2023/E/E23106730076.pdf,knowledge_base/2023/E/E23106730076.md,6337896,e4aa59bc348d6f5024845eac75be973e12ab911e8566198f8a405bf2896fcc15,success,Microsoft MarkItDown 0.1.7,,2023年研究生数学建模竞赛优秀论文选/E23106730076.pdf
E23106980022,2023,E,,E23106980022.pdf,papers/2023/E/E23106980022.pdf,knowledge_base/2023/E/E23106980022.md,5902938,99b5b15c57778b8b82b5763759c0ba25adcbc232af0487c8e83e4b0e9498df71,success,Microsoft MarkItDown 0.1.7,,2023年研究生数学建模竞赛优秀论文选/E23106980022.pdf
E23107030070,2023,E,,E23107030070.pdf,papers/2023/E/E23107030070.pdf,knowledge_base/2023/E/E23107030070.md,4523029,d99c0cb9b31c99f936581611e05b388bd686a629c56343ec3ed8a3f3317918ee,success,Microsoft MarkItDown 0.1.7,,2023年研究生数学建模竞赛优秀论文选/E23107030070.pdf
E23900310014,2023,E,,E23900310014.pdf,papers/2023/E/E23900310014.pdf,knowledge_base/2023/E/E23900310014.md,3736296,0914108a57671c543943fbf922a5b49908fe24673790609a1012e1165f83e2b5,success,Microsoft MarkItDown 0.1.7,,2023年研究生数学建模竞赛优秀论文选/E23900310014.pdf
F23102520378,2023,F,,F23102520378.pdf,papers/2023/F/F23102520378.pdf,knowledge_base/2023/F/F23102520378.md,6625881,a1dc5e7fe882f5963dd9d6fe47a24a74b5885f5e37416dc475cff907085e8a66,success,Microsoft MarkItDown 0.1.7,,2023年研究生数学建模竞赛优秀论文选/F23102520378.pdf
F23102690048,2023,F,,F23102690048.pdf,papers/2023/F/F23102690048.pdf,knowledge_base/2023/F/F23102690048.md,15094234,4a5ac5b0787e4dddb8c2a98e086ad3dc996c04522b3039e6c0ef0bbdf4902d6d,success,Microsoft MarkItDown 0.1.7,,2023年研究生数学建模竞赛优秀论文选/F23102690048.pdf
F23102860072,2023,F,,F23102860072.pdf,papers/2023/F/F23102860072.pdf,knowledge_base/2023/F/F23102860072.md,34396942,d74d8b08a844e2d66698b3759edce23a2fc26717cabd1cf51cd1b65844c0e02a,success,Microsoft MarkItDown 0.1.7,,2023年研究生数学建模竞赛优秀论文选/F23102860072.pdf
F23103560002,2023,F,,F23103560002.pdf,papers/2023/F/F23103560002.pdf,knowledge_base/2023/F/F23103560002.md,3671768,9b663e72ed7692f26cc19d0b7053300767e948689a27ba8c0adb9d0adf17617b,success,Microsoft MarkItDown 0.1.7,,2023年研究生数学建模竞赛优秀论文选/F23103560002.pdf
F23104040152,2023,F,,F23104040152.pdf,papers/2023/F/F23104040152.pdf,knowledge_base/2023/F/F23104040152.md,17205542,be128355c92655dfb5581862168bb9fdfc387b3c4721bbefac57e3e8b534e9d9,success,Microsoft MarkItDown 0.1.7,,2023年研究生数学建模竞赛优秀论文选/F23104040152.pdf
F23105550004,2023,F,,F23105550004.pdf,papers/2023/F/F23105550004.pdf,knowledge_base/2023/F/F23105550004.md,3080300,c0a7b83113d704fbc7a44174dc0f52be9e2800bf21797e4caf9450d6cac642c7,success,Microsoft MarkItDown 0.1.7,,2023年研究生数学建模竞赛优秀论文选/F23105550004.pdf
F23107010086,2023,F,,F23107010086.pdf,papers/2023/F/F23107010086.pdf,knowledge_base/2023/F/F23107010086.md,6201200,f8cc5afdf8295cc3ec452464fbc9d600ad8acbbbba7c456cb0fc13eca1126160,success,Microsoft MarkItDown 0.1.7,,2023年研究生数学建模竞赛优秀论文选/F23107010086.pdf
F23107300013,2023,F,,F23107300013.pdf,papers/2023/F/F23107300013.pdf,knowledge_base/2023/F/F23107300013.md,5274972,7e07a1f5c56527c3c2893710cd3dad9185b052fe85e1167f47379a45be00672b,success,Microsoft MarkItDown 0.1.7,,2023年研究生数学建模竞赛优秀论文选/F23107300013.pdf
F23910020015,2023,F,,F23910020015.pdf,papers/2023/F/F23910020015.pdf,knowledge_base/2023/F/F23910020015.md,4076303,8f501f8749750a0761f517842287260e8f4eddbb8a561e6939bd278f450fd456,success,Microsoft MarkItDown 0.1.7,,2023年研究生数学建模竞赛优秀论文选/F23910020015.pdf
F23910020096,2023,F,,F23910020096.pdf,papers/2023/F/F23910020096.pdf,knowledge_base/2023/F/F23910020096.md,5603283,a544a8b854de8bcab3d7933223d91be6c567ad6c0098cf12169f5b80d39f4b69,success,Microsoft MarkItDown 0.1.7,,2023年研究生数学建模竞赛优秀论文选/F23910020096.pdf
A24102940057,2024,A,,A24102940057.pdf,papers/2024/A/A24102940057.pdf,knowledge_base/2024/A/A24102940057.md,3177374,6dbfb9e08c3234f8f7e40e678912fd0d2f55ec0dd200e5e464ada6db4ca35be3,success,Microsoft MarkItDown 0.1.7,,2024年研究生数学建模竞赛优秀论文选/2024年研究生数学建模竞赛优秀论文选/A/A24102940057.pdf
A24103350007,2024,A,,A24103350007.pdf,papers/2024/A/A24103350007.pdf,knowledge_base/2024/A/A24103350007.md,20043836,7fe2813d94da5d72676dd6c8fe0ff6cfead155b8aeb67918be9269de1a0cab5e,success,Microsoft MarkItDown 0.1.7,,2024年研究生数学建模竞赛优秀论文选/2024年研究生数学建模竞赛优秀论文选/A/A24103350007.pdf
A24103530117,2024,A,,A24103530117.pdf,papers/2024/A/A24103530117.pdf,knowledge_base/2024/A/A24103530117.md,4234142,f6e0e476017750c9c13d03d1b103d32f32d74d2fe96feb40760c5b3bb3dff17c,success,Microsoft MarkItDown 0.1.7,,2024年研究生数学建模竞赛优秀论文选/2024年研究生数学建模竞赛优秀论文选/A/A24103530117.pdf
A24107120016,2024,A,,A24107120016.pdf,papers/2024/A/A24107120016.pdf,knowledge_base/2024/A/A24107120016.md,8184115,daa73a15a67fe912cebe0948f9db9c2ad8e985032f55212eecd64393308ca9e6,success,Microsoft MarkItDown 0.1.7,,2024年研究生数学建模竞赛优秀论文选/2024年研究生数学建模竞赛优秀论文选/A/A24107120016.pdf
B24102860287,2024,B,,B24102860287.pdf,papers/2024/B/B24102860287.pdf,knowledge_base/2024/B/B24102860287.md,2785134,3e0fc95ca986458c90e024b55ad074660d419331f5b2feef26377e5e9abc5ee4,success,Microsoft MarkItDown 0.1.7,,2024年研究生数学建模竞赛优秀论文选/2024年研究生数学建模竞赛优秀论文选/B/B24102860287.pdf
B24103530099,2024,B,,B24103530099.pdf,papers/2024/B/B24103530099.pdf,knowledge_base/2024/B/B24103530099.md,4962126,db528311404cb848e166fe9f837b20ebafab91f8b3ee6307677a8e7d56d09b1f,success,Microsoft MarkItDown 0.1.7,,2024年研究生数学建模竞赛优秀论文选/2024年研究生数学建模竞赛优秀论文选/B/B24103530099.pdf
B24104760033,2024,B,,B24104760033.pdf,papers/2024/B/B24104760033.pdf,knowledge_base/2024/B/B24104760033.md,5254610,4489b34abb9b14010c621a9804b2b8f69dace4d99afd86606a512513925bcdb3,success,Microsoft MarkItDown 0.1.7,,2024年研究生数学建模竞赛优秀论文选/2024年研究生数学建模竞赛优秀论文选/B/B24104760033.pdf
B24116640167,2024,B,,B24116640167.pdf,papers/2024/B/B24116640167.pdf,knowledge_base/2024/B/B24116640167.md,6464110,26a34f2fa048e06f40e4d7981e25fc6f5f01067ceafc5e98af48916e4a51c637,success,Microsoft MarkItDown 0.1.7,,2024年研究生数学建模竞赛优秀论文选/2024年研究生数学建模竞赛优秀论文选/B/B24116640167.pdf
C24102890089,2024,C,,C24102890089.pdf,papers/2024/C/C24102890089.pdf,knowledge_base/2024/C/C24102890089.md,7576608,81f2b821a8f442cd0c94f067edd27c570e2d63ddbbcae3a7d92f1f573e410b48,success,Microsoft MarkItDown 0.1.7,,2024年研究生数学建模竞赛优秀论文选/2024年研究生数学建模竞赛优秀论文选/C/C24102890089.pdf
C24103860012,2024,C,,C24103860012.pdf,papers/2024/C/C24103860012.pdf,knowledge_base/2024/C/C24103860012.md,5362289,20aa9ecb0164fd4e11130590da00f8e0a22a1147dc43b1b85ba9aa4f951a56d3,success,Microsoft MarkItDown 0.1.7,,2024年研究生数学建模竞赛优秀论文选/2024年研究生数学建模竞赛优秀论文选/C/C24103860012.pdf
C24104220149,2024,C,,C24104220149.pdf,papers/2024/C/C24104220149.pdf,knowledge_base/2024/C/C24104220149.md,3123287,382bde4b71f57eae705347767120aa58b2d993ae090d71cdf246d0e13d6bf871,success,Microsoft MarkItDown 0.1.7,,2024年研究生数学建模竞赛优秀论文选/2024年研究生数学建模竞赛优秀论文选/C/C24104220149.pdf
C24106130096,2024,C,,C24106130096.pdf,papers/2024/C/C24106130096.pdf,knowledge_base/2024/C/C24106130096.md,7797202,2a817dbee1c712b58c164164eea329cec49d8c3f4233792b20d484e9ffd81626,success,Microsoft MarkItDown 0.1.7,,2024年研究生数学建模竞赛优秀论文选/2024年研究生数学建模竞赛优秀论文选/C/C24106130096.pdf
D24103850092,2024,D,,D24103850092.pdf,papers/2024/D/D24103850092.pdf,knowledge_base/2024/D/D24103850092.md,11677848,a8c55b50f7be97971dc0b5844952dcbdc6929c07f52f841c0d0add83bec7628d,success,Microsoft MarkItDown 0.1.7,,2024年研究生数学建模竞赛优秀论文选/2024年研究生数学建模竞赛优秀论文选/D/D24103850092.pdf
D24104250063,2024,D,,D24104250063.pdf,papers/2024/D/D24104250063.pdf,knowledge_base/2024/D/D24104250063.md,5153839,6cb012383042874734f66f47f9287ae099adc7f81f9b89fa8f7657c747938020,success,Microsoft MarkItDown 0.1.7,,2024年研究生数学建模竞赛优秀论文选/2024年研究生数学建模竞赛优秀论文选/D/D24104250063.pdf
D24104460003,2024,D,,D24104460003.pdf,papers/2024/D/D24104460003.pdf,knowledge_base/2024/D/D24104460003.md,16813103,01a6fe09f175de99159d78bdf8aa5997bc4564d85ae7f931f5715df5f2603db4,success,Microsoft MarkItDown 0.1.7,,2024年研究生数学建模竞赛优秀论文选/2024年研究生数学建模竞赛优秀论文选/D/D24104460003.pdf
D24106570027,2024,D,,D24106570027.pdf,papers/2024/D/D24106570027.pdf,knowledge_base/2024/D/D24106570027.md,19542685,7d86005f5321da9836ebb158952d8ad3eb65c9a1e73b7f6d4fe6c1d7fb9e67af,success,Microsoft MarkItDown 0.1.7,,2024年研究生数学建模竞赛优秀论文选/2024年研究生数学建模竞赛优秀论文选/D/D24106570027.pdf
E24101480006,2024,E,,E24101480006.pdf,papers/2024/E/E24101480006.pdf,knowledge_base/2024/E/E24101480006.md,27317024,84047e2dd922687d05f1ff326408c32dda51bc95ca1d1cd568ca8eac409ab9e4,success,Microsoft MarkItDown 0.1.7,,2024年研究生数学建模竞赛优秀论文选/2024年研究生数学建模竞赛优秀论文选/E/E24101480006.pdf
E24102870008,2024,E,,E24102870008.pdf,papers/2024/E/E24102870008.pdf,knowledge_base/2024/E/E24102870008.md,20478222,2e6f5daacb7ce9f16e11239545f4b2b3d7bdee97ebc0b28ff32d5a5db9d20e25,success,Microsoft MarkItDown 0.1.7,,2024年研究生数学建模竞赛优秀论文选/2024年研究生数学建模竞赛优秀论文选/E/E24102870008.pdf
E24102910005,2024,E,,E24102910005.pdf,papers/2024/E/E24102910005.pdf,knowledge_base/2024/E/E24102910005.md,5619324,7420d18869b74b8f8a5d036e57ac0fa7b3a94fc54313e1729bbd97e578cfe2cd,success,Microsoft MarkItDown 0.1.7,,2024年研究生数学建模竞赛优秀论文选/2024年研究生数学建模竞赛优秀论文选/E/E24102910005.pdf
E24106980067,2024,E,,E24106980067.pdf,papers/2024/E/E24106980067.pdf,knowledge_base/2024/E/E24106980067.md,6053955,bedf322a5d2d3b75099112c0b670905eead989e7cc23905e7696dacaf432aafb,success,Microsoft MarkItDown 0.1.7,,2024年研究生数学建模竞赛优秀论文选/2024年研究生数学建模竞赛优秀论文选/E/E24106980067.pdf
F24102870082,2024,F,,F24102870082.pdf,papers/2024/F/F24102870082.pdf,knowledge_base/2024/F/F24102870082.md,2633382,71f0d1214c0790b5cbcdd45ad6c7712ea1fda01ea98b98f5e22f70e0ab987f9b,success,Microsoft MarkItDown 0.1.7,,2024年研究生数学建模竞赛优秀论文选/2024年研究生数学建模竞赛优秀论文选/F/F24102870082.pdf
F24103360083,2024,F,,F24103360083.pdf,papers/2024/F/F24103360083.pdf,knowledge_base/2024/F/F24103360083.md,8036640,410992831699297bcc540a2c0b9048fa1187082dbbaae69383f8e7947c5248a4,success,Microsoft MarkItDown 0.1.7,,2024年研究生数学建模竞赛优秀论文选/2024年研究生数学建模竞赛优秀论文选/F/F24103360083.pdf
F24104860143,2024,F,,F24104860143.pdf,papers/2024/F/F24104860143.pdf,knowledge_base/2024/F/F24104860143.md,12256870,2a0e10467e2e7ae261e993758ba700217f845f1321a56be8ab8a40446e8a0136,success,Microsoft MarkItDown 0.1.7,,2024年研究生数学建模竞赛优秀论文选/2024年研究生数学建模竞赛优秀论文选/F/F24104860143.pdf
F24910020063,2024,F,,F24910020063.pdf,papers/2024/F/F24910020063.pdf,knowledge_base/2024/F/F24910020063.md,7596610,19377b63620d87cd6bbca526c7276857335f5bf99d30bed61e710f8bdb389125,success,Microsoft MarkItDown 0.1.7,,2024年研究生数学建模竞赛优秀论文选/2024年研究生数学建模竞赛优秀论文选/F/F24910020063.pdf
2025-A-001,2025,A,,A题-1-通用神经网络处理器下的核内调度问题.pdf,papers/2025/A/A题-1-通用神经网络处理器下的核内调度问题.pdf,knowledge_base/2025/A/A题-1-通用神经网络处理器下的核内调度问题.md,4017548,f7034863abda2444cde9b51a14c31cded6282a8eace906faa90edb4f4a087531,success,Microsoft MarkItDown 0.1.7,,2025年研究生数学建模竞赛优秀论文选/2025年研究生数学建模竞赛优秀论文选/A题优秀论文/A题-1-通用神经网络处理器下的核内调度问题.pdf
2025-A-002,2025,A,,A题-2-通用神经网络处理器下的核内调度问题.pdf,papers/2025/A/A题-2-通用神经网络处理器下的核内调度问题.pdf,knowledge_base/2025/A/A题-2-通用神经网络处理器下的核内调度问题.md,4489506,c83c14e555122c1a7d7901f9108073c9b97299793cdf1e0e2581153307ff6a37,success,Microsoft MarkItDown 0.1.7,,2025年研究生数学建模竞赛优秀论文选/2025年研究生数学建模竞赛优秀论文选/A题优秀论文/A题-2-通用神经网络处理器下的核内调度问题.pdf
2025-A-003,2025,A,,A题-NPU 核内调度算法设计与优化研究.pdf,papers/2025/A/A题-NPU 核内调度算法设计与优化研究.pdf,knowledge_base/2025/A/A题-NPU 核内调度算法设计与优化研究.md,3117185,9cefb2c06f81b95f53132fdf9c41407e2cdff8188a72cc33a21720ea32647bc2,success,Microsoft MarkItDown 0.1.7,,2025年研究生数学建模竞赛优秀论文选/2025年研究生数学建模竞赛优秀论文选/A题优秀论文/A题-NPU 核内调度算法设计与优化研究.pdf
2025-A-004,2025,A,,A题-面向 Davinci 架构的 NPU 核内调度算法研究.pdf,papers/2025/A/A题-面向 Davinci 架构的 NPU 核内调度算法研究.pdf,knowledge_base/2025/A/A题-面向 Davinci 架构的 NPU 核内调度算法研究.md,6272005,42c5fb495eadd637e6a90263675157f5a0d75d868f5ace69b06d266d86892130,success,Microsoft MarkItDown 0.1.7,,2025年研究生数学建模竞赛优秀论文选/2025年研究生数学建模竞赛优秀论文选/A题优秀论文/A题-面向 Davinci 架构的 NPU 核内调度算法研究.pdf
2025-B-001,2025,B,,B题-MIMO-OFDM 链路速率预测问题的建模研究.pdf,papers/2025/B/B题-MIMO-OFDM 链路速率预测问题的建模研究.pdf,knowledge_base/2025/B/B题-MIMO-OFDM 链路速率预测问题的建模研究.md,6181156,96475ab87a663100500cf7eaba378948142d64544da6c7756d1601ad3b49881b,success,Microsoft MarkItDown 0.1.7,,2025年研究生数学建模竞赛优秀论文选/2025年研究生数学建模竞赛优秀论文选/B题优秀论文/B题-MIMO-OFDM 链路速率预测问题的建模研究.pdf
2025-B-002,2025,B,,B题-无线通信系统链路速率建模.pdf,papers/2025/B/B题-无线通信系统链路速率建模.pdf,knowledge_base/2025/B/B题-无线通信系统链路速率建模.md,5838726,1384a50b2ea877bdd328d8fa98576ab290fe5b001d147aa637032f6614857961,success,Microsoft MarkItDown 0.1.7,,2025年研究生数学建模竞赛优秀论文选/2025年研究生数学建模竞赛优秀论文选/B题优秀论文/B题-无线通信系统链路速率建模.pdf
2025-B-003,2025,B,,B题-机器学习驱动的面向 MIMO-OFDM 的链路速率预测.pdf,papers/2025/B/B题-机器学习驱动的面向 MIMO-OFDM 的链路速率预测.pdf,knowledge_base/2025/B/B题-机器学习驱动的面向 MIMO-OFDM 的链路速率预测.md,5250945,bf2accef43213e4bf11256e0d351dc7581dd20ff55db901b1b22b0e4067ac7c8,success,Microsoft MarkItDown 0.1.7,,2025年研究生数学建模竞赛优秀论文选/2025年研究生数学建模竞赛优秀论文选/B题优秀论文/B题-机器学习驱动的面向 MIMO-OFDM 的链路速率预测.pdf
2025-C-001,2025,C,,C题-1-围岩裂隙精准识别与三维模型重构.pdf,papers/2025/C/C题-1-围岩裂隙精准识别与三维模型重构.pdf,knowledge_base/2025/C/C题-1-围岩裂隙精准识别与三维模型重构.md,2449760,6f14d27f0371e94857a592c7469eeec37172009384bdba8a847c26019e8d96c8,success,Microsoft MarkItDown 0.1.7,,2025年研究生数学建模竞赛优秀论文选/2025年研究生数学建模竞赛优秀论文选/C题优秀论文/C题-1-围岩裂隙精准识别与三维模型重构.pdf
2025-C-002,2025,C,,C题-2-围岩裂隙精准识别与三维模型重构.pdf,papers/2025/C/C题-2-围岩裂隙精准识别与三维模型重构.pdf,knowledge_base/2025/C/C题-2-围岩裂隙精准识别与三维模型重构.md,16111558,bc6529349c3a053b7774731f2fa3e383f6337807fd33954ee7726b04949878fd,success,Microsoft MarkItDown 0.1.7,,2025年研究生数学建模竞赛优秀论文选/2025年研究生数学建模竞赛优秀论文选/C题优秀论文/C题-2-围岩裂隙精准识别与三维模型重构.pdf
2025-C-003,2025,C,,C题-3-围岩裂隙精准识别与三维模型重构.pdf,papers/2025/C/C题-3-围岩裂隙精准识别与三维模型重构.pdf,knowledge_base/2025/C/C题-3-围岩裂隙精准识别与三维模型重构.md,15689836,23dfbdeb5af6468a92428c0171ccfd569b6571066837df96b1960f47248b1d1f,success,Microsoft MarkItDown 0.1.7,,2025年研究生数学建模竞赛优秀论文选/2025年研究生数学建模竞赛优秀论文选/C题优秀论文/C题-3-围岩裂隙精准识别与三维模型重构.pdf
2025-C-004,2025,C,,C题-基于 Frangi 滤波的钻孔裂隙识别与三维概率重构.pdf,papers/2025/C/C题-基于 Frangi 滤波的钻孔裂隙识别与三维概率重构.pdf,knowledge_base/2025/C/C题-基于 Frangi 滤波的钻孔裂隙识别与三维概率重构.md,9033829,6f0541dcef1669d18a2a4626def5d216545860e5dd5f3cf5f5891bf983ab1cf2,success,Microsoft MarkItDown 0.1.7,,2025年研究生数学建模竞赛优秀论文选/2025年研究生数学建模竞赛优秀论文选/C题优秀论文/C题-基于 Frangi 滤波的钻孔裂隙识别与三维概率重构.pdf
2025-C-005,2025,C,,C题-基于钻孔裂隙智能识别的岩体结构面网络重构与稳定性分区研究.pdf,papers/2025/C/C题-基于钻孔裂隙智能识别的岩体结构面网络重构与稳定性分区研究.pdf,knowledge_base/2025/C/C题-基于钻孔裂隙智能识别的岩体结构面网络重构与稳定性分区研究.md,4447488,b1cdd0efccde759c990a385d0aa613f9e2fe2b7222a60e87452352b9440ebb98,success,Microsoft MarkItDown 0.1.7,,2025年研究生数学建模竞赛优秀论文选/2025年研究生数学建模竞赛优秀论文选/C题优秀论文/C题-基于钻孔裂隙智能识别的岩体结构面网络重构与稳定性分区研究.pdf
2025-D-001,2025,D,,D题-低空湍流监测及最优航路规划研究.pdf,papers/2025/D/D题-低空湍流监测及最优航路规划研究.pdf,knowledge_base/2025/D/D题-低空湍流监测及最优航路规划研究.md,8298451,f1962efc7d7b929bfcf9bb876656c891d393068bd049d67d6363d9817f0a5d84,success,Microsoft MarkItDown 0.1.7,,2025年研究生数学建模竞赛优秀论文选/2025年研究生数学建模竞赛优秀论文选/D题优秀论文/D题-低空湍流监测及最优航路规划研究.pdf
2025-D-002,2025,D,,D题-基于多源数据融合的低空湍流监测与航路优化.pdf,papers/2025/D/D题-基于多源数据融合的低空湍流监测与航路优化.pdf,knowledge_base/2025/D/D题-基于多源数据融合的低空湍流监测与航路优化.md,20092286,adb0dff5b17a62a3e6ffa3852c7fe10ef6fa9542fc3b95e34f8a6d9e32f185f1,success,Microsoft MarkItDown 0.1.7,,2025年研究生数学建模竞赛优秀论文选/2025年研究生数学建模竞赛优秀论文选/D题优秀论文/D题-基于多源数据融合的低空湍流监测与航路优化.pdf
2025-E-001,2025,E,,E题-基于迁移学习的高速列车轴承故障诊断研究.pdf,papers/2025/E/E题-基于迁移学习的高速列车轴承故障诊断研究.pdf,knowledge_base/2025/E/E题-基于迁移学习的高速列车轴承故障诊断研究.md,19870087,1ad142092e24fdfb46a313b2edb109f35290898bc2bb486dcf9c4d03765413ac,success,Microsoft MarkItDown 0.1.7,,2025年研究生数学建模竞赛优秀论文选/2025年研究生数学建模竞赛优秀论文选/E题优秀论文/E题-基于迁移学习的高速列车轴承故障诊断研究.pdf
2025-E-002,2025,E,,E题-无监督迁移学习下的轴承故障诊断建模与优化.pdf,papers/2025/E/E题-无监督迁移学习下的轴承故障诊断建模与优化.pdf,knowledge_base/2025/E/E题-无监督迁移学习下的轴承故障诊断建模与优化.md,7694278,4b5875eb3b83395e54d5e8b9d033b045bb2e2ef54f9ada6a061588b311467eb2,success,Microsoft MarkItDown 0.1.7,,2025年研究生数学建模竞赛优秀论文选/2025年研究生数学建模竞赛优秀论文选/E题优秀论文/E题-无监督迁移学习下的轴承故障诊断建模与优化.pdf
2025-E-003,2025,E,,E题-高速列车轴承智能故障诊断问题.pdf,papers/2025/E/E题-高速列车轴承智能故障诊断问题.pdf,knowledge_base/2025/E/E题-高速列车轴承智能故障诊断问题.md,2757525,bbd2095e8eac7257fc2852581e7453ce7e01dc1c4b3da46ac79811fde7697d08,success,Microsoft MarkItDown 0.1.7,,2025年研究生数学建模竞赛优秀论文选/2025年研究生数学建模竞赛优秀论文选/E题优秀论文/E题-高速列车轴承智能故障诊断问题.pdf
2025-F-001,2025,F,,F题-1-江南古典园林的美学特征建模.pdf,papers/2025/F/F题-1-江南古典园林的美学特征建模.pdf,knowledge_base/2025/F/F题-1-江南古典园林的美学特征建模.md,18193161,b1132adba756118ab037d8af0af25cf5cd110e51092288042d5c5ae9b3b72a0c,success,Microsoft MarkItDown 0.1.7,,2025年研究生数学建模竞赛优秀论文选/2025年研究生数学建模竞赛优秀论文选/F题优秀论文/F题-1-江南古典园林的美学特征建模.pdf
2025-F-002,2025,F,,F题-2-江南古典园林的美学特征建模.pdf,papers/2025/F/F题-2-江南古典园林的美学特征建模.pdf,knowledge_base/2025/F/F题-2-江南古典园林的美学特征建模.md,21829195,692c9e30cd2ce0765b17bfbe3a5b1265e32c2ddae42b636a8ad261090e8b73c1,success,Microsoft MarkItDown 0.1.7,,2025年研究生数学建模竞赛优秀论文选/2025年研究生数学建模竞赛优秀论文选/F题优秀论文/F题-2-江南古典园林的美学特征建模.pdf
2025-F-003,2025,F,,F题-多模态数据融合视角下江南古典园林美学特征量化建模研究.pdf,papers/2025/F/F题-多模态数据融合视角下江南古典园林美学特征量化建模研究.pdf,knowledge_base/2025/F/F题-多模态数据融合视角下江南古典园林美学特征量化建模研究.md,10141693,d8e40c2d4765e4c50350715f3e5f739e2a2ce11974664c506a639e921e7ad840,success,Microsoft MarkItDown 0.1.7,,2025年研究生数学建模竞赛优秀论文选/2025年研究生数学建模竞赛优秀论文选/F题优秀论文/F题-多模态数据融合视角下江南古典园林美学特征量化建模研究.pdf
2025-F-004,2025,F,,F题-江南古典园林美学特征的量化建模与分析.pdf,papers/2025/F/F题-江南古典园林美学特征的量化建模与分析.pdf,knowledge_base/2025/F/F题-江南古典园林美学特征的量化建模与分析.md,30169409,0cd7b0001352da9a88dc4d70df750389eb7989d5d2520959e1222a3f05ba2e76,success,Microsoft MarkItDown 0.1.7,,2025年研究生数学建模竞赛优秀论文选/2025年研究生数学建模竞赛优秀论文选/F题优秀论文/F题-江南古典园林美学特征的量化建模与分析.pdf
